step_idx,stage_start,stage_len,tilt_z,baseline_z,deviation_z,max_deviation_z,moved,returned,axis_x_tilt,axis_y_tilt,axis_z_tilt
209,208,1,1.70287851,nan,nan,nan,0,0,1.57381812,0.13211715,1.70287851
210,208,2,1.70134169,nan,nan,nan,0,0,1.57446480,0.13059749,1.70134169
211,208,3,1.69959130,nan,nan,nan,0,0,1.57562988,0.12888665,1.69959130
212,208,4,1.69759813,nan,nan,nan,0,0,1.57696292,0.12695328,1.69759813
213,208,5,1.69540021,nan,nan,nan,0,0,1.57842165,0.12483941,1.69540021
214,208,6,1.69292384,nan,nan,nan,0,0,1.58002074,0.12247886,1.69292384
215,208,7,1.69034306,nan,nan,nan,0,0,1.58163517,0.12004177,1.69034306
216,208,8,1.68780527,nan,nan,nan,0,0,1.58329679,0.11768088,1.68780527
217,208,9,1.68513949,nan,nan,nan,0,0,1.58491322,0.11521889,1.68513949
218,208,10,1.68227109,1.69959128,0.01732019,0.01732016,0,0,1.58650388,0.11258510,1.68227109
219,208,11,1.67962191,1.69959128,0.01996937,0.01996934,0,0,1.58807242,0.11019910,1.67962191
220,208,12,1.67721919,1.69959128,0.02237209,0.02237213,0,0,1.58960132,0.10808394,1.67721919
221,208,13,1.67495887,1.69959128,0.02463241,0.02463245,0,0,1.59101712,0.10612111,1.67495887
222,208,14,1.67297455,1.69959128,0.02661672,0.02661669,0,0,1.59233003,0.10443819,1.67297455
223,208,15,1.67122258,1.69959128,0.02836870,0.02836871,0,0,1.59337494,0.10294985,1.67122258
224,208,16,1.66986004,1.69959128,0.02973124,0.02973127,0,0,1.59429473,0.10183037,1.66986004
225,208,17,1.66865426,1.69959128,0.03093702,0.03093708,0,0,1.59507875,0.10084440,1.66865426
226,208,18,1.66730322,1.69959128,0.03228806,0.03228807,0,0,1.59584171,0.09972344,1.66730322
227,208,19,1.66620985,1.69959128,0.03338143,0.03338146,0,0,1.59647399,0.09882865,1.66620985
228,208,20,1.66547559,1.69959128,0.03411569,0.03411567,0,0,1.59694329,0.09824424,1.66547559
229,208,21,1.66487697,1.69959128,0.03471431,0.03471434,0,0,1.59745572,0.09780646,1.66487697
230,208,22,1.66438056,1.69959128,0.03521072,0.03521073,0,0,1.59800346,0.09748116,1.66438056
231,208,23,1.66427477,1.69959128,0.03531650,0.03531647,0,0,1.59840083,0.09749199,1.66427477
232,208,24,1.66438741,1.69959128,0.03520387,0.03531647,0,0,1.59873607,0.09769595,1.66438741
233,208,25,1.66435033,1.69959128,0.03524095,0.03531647,0,0,1.59912253,0.09777233,1.66435033
234,208,26,1.66566421,1.69959128,0.03392706,0.03531647,0,0,1.59738826,0.09854598,1.66566421
235,208,27,1.66104484,1.69959128,0.03854644,0.03854644,0,0,1.59858470,0.09445210,1.66104484
236,208,28,1.65671694,1.69959128,0.04287434,0.04287434,0,0,1.59970726,0.09067703,1.65671694
237,208,29,1.65329153,1.69959128,0.04629975,0.04629970,0,0,1.60069801,0.08777039,1.65329153
238,208,30,1.64966313,1.69959128,0.04992815,0.04992819,0,0,1.60172338,0.08473745,1.64966313
239,208,31,1.64608784,1.69959128,0.05350344,0.05350339,0,0,1.60292157,0.08188257,1.64608784
240,208,32,1.64192969,1.69959128,0.05766159,0.05766153,0,0,1.60471622,0.07883151,1.64192969
241,208,33,1.63756382,1.69959128,0.06202746,0.06202745,0,0,1.60638841,0.07568665,1.63756382
242,208,34,1.63296096,1.69959128,0.06663032,0.06663036,0,0,1.60763105,0.07228238,1.63296096
243,208,35,1.62914830,1.69959128,0.07044297,0.07044303,0,0,1.60876932,0.06964325,1.62914830
244,208,36,1.62600110,1.69959128,0.07359018,0.07359016,0,0,1.60999667,0.06773007,1.62600110
245,208,37,1.62354958,1.69959128,0.07604170,0.07604170,0,0,1.61126173,0.06650864,1.62354958
246,208,38,1.62137918,1.69959128,0.07821210,0.07821214,0,0,1.61218180,0.06537821,1.62137918
247,208,39,1.61999992,1.69959128,0.07959136,0.07959139,0,0,1.61246230,0.06449693,1.61999992
248,208,40,1.61939404,1.69959128,0.08019724,0.08019722,0,0,1.61293910,0.06434712,1.61939404
249,208,41,1.61968092,1.69959128,0.07991036,0.08019722,0,0,1.61339365,0.06486240,1.61968092
250,208,42,1.62055186,1.69959128,0.07903942,0.08019722,0,0,1.61366526,0.06569929,1.62055186
251,208,43,1.62193080,1.69959128,0.07766048,0.08019722,0,0,1.61401057,0.06697363,1.62193080
252,208,44,1.62311358,1.69959128,0.07647770,0.08019722,0,0,1.61439678,0.06812908,1.62311358
253,208,45,1.62421887,1.69959128,0.07537241,0.08019722,0,0,1.61471539,0.06918475,1.62421887
254,208,46,1.62518840,1.69959128,0.07440288,0.08019722,0,0,1.61482601,0.07000673,1.62518840
255,208,47,1.62613423,1.69959128,0.07345705,0.08019722,0,0,1.61492233,0.07080517,1.62613423
256,208,48,1.62703275,1.69959128,0.07255853,0.08019722,0,0,1.61499795,0.07155730,1.62703275
257,208,49,1.62808973,1.69959128,0.07150155,0.08019722,0,0,1.61496067,0.07236920,1.62808973
258,208,50,1.62911110,1.69959128,0.07048018,0.08019722,0,0,1.61489871,0.07314406,1.62911110
259,208,51,1.63488277,1.69959128,0.06470851,0.08019722,0,0,1.61382835,0.07722637,1.63488277
260,208,52,1.64194137,1.69959128,0.05764991,0.08019722,0,0,1.61236079,0.08243221,1.64194137
261,208,53,1.64745778,1.69959128,0.05213350,0.08019722,0,0,1.61155806,0.08686213,1.64745778
262,208,54,1.65291266,1.69959128,0.04667862,0.08019722,0,0,1.61100883,0.09147369,1.65291266
263,208,55,1.65595440,1.69959128,0.04363688,0.08019722,0,0,1.61081738,0.09413478,1.65595440
264,208,56,1.65780591,1.69959128,0.04178537,0.08019722,0,0,1.61068772,0.09576041,1.65780591
265,208,57,1.66010724,1.69959128,0.03948404,0.08019722,0,0,1.61044365,0.09775861,1.66010724
266,208,58,1.66183266,1.69959128,0.03775862,0.08019722,0,0,1.61034312,0.09929876,1.66183266
267,208,59,1.66224773,1.69959128,0.03734355,0.08019722,0,0,1.61039127,0.09969905,1.66224773
268,208,60,1.66279682,1.69959128,0.03679446,0.08019722,0,0,1.61032060,0.10017542,1.66279682
269,208,61,1.66349947,1.69959128,0.03609181,0.08019722,0,0,1.61015825,0.10075789,1.66349947
270,208,62,1.66386860,1.69959128,0.03572268,0.08019722,0,0,1.61000823,0.10103931,1.66386860
271,208,63,1.66426021,1.69959128,0.03533107,0.08019722,0,0,1.60972034,0.10128890,1.66426021
272,208,64,1.66420586,1.69959128,0.03538542,0.08019722,0,0,1.60954588,0.10117136,1.66420586
273,208,65,1.66361877,1.69959128,0.03597251,0.08019722,0,0,1.60946192,0.10059653,1.66361877
274,208,66,1.66325233,1.69959128,0.03633894,0.08019722,0,0,1.60931381,0.10020082,1.66325233
275,208,67,1.66376169,1.69959128,0.03582959,0.08019722,0,0,1.60895055,0.10053223,1.66376169
276,208,68,1.66359537,1.69959128,0.03599590,0.08019722,0,0,1.60871246,0.10028753,1.66359537
277,208,69,1.66341828,1.69959128,0.03617300,0.08019722,0,0,1.60863483,0.10009398,1.66341828
278,208,70,1.66331232,1.69959128,0.03627896,0.08019722,0,0,1.60862755,0.09999307,1.66331232
279,208,71,1.66331521,1.69959128,0.03627607,0.08019722,0,0,1.60843765,0.09992365,1.66331521
280,208,72,1.66305259,1.69959128,0.03653869,0.08019722,0,0,1.60837402,0.09965616,1.66305259
281,208,73,1.66373224,1.69959128,0.03585904,0.08019722,0,0,1.60826033,0.10024348,1.66373224
282,208,74,1.66535193,1.69959128,0.03423935,0.08019722,0,0,1.60779510,0.10157692,1.66535193
283,208,75,1.66750247,1.69959128,0.03208881,0.08019722,0,0,1.60709381,0.10333364,1.66750247
284,208,76,1.66852689,1.69959128,0.03106439,0.08019722,0,0,1.60667986,0.10414956,1.66852689
285,208,77,1.66895896,1.69959128,0.03063232,0.08019722,0,0,1.60622387,0.10439884,1.66895896
286,208,78,1.67141918,1.69959128,0.02817210,0.08019722,0,0,1.60637929,0.10676937,1.67141918
287,208,79,1.67422256,1.69959128,0.02536872,0.08019722,0,0,1.60750957,0.10979305,1.67422256
288,208,80,1.67635759,1.69959128,0.02323369,0.08019722,0,0,1.60850934,0.11214312,1.67635759
289,208,81,1.67785871,1.69959128,0.02173257,0.08019722,0,0,1.60935158,0.11384327,1.67785871
290,208,82,1.67920420,1.69959128,0.02038708,0.08019722,0,0,1.61033926,0.11544799,1.67920420
291,208,83,1.68054690,1.69959128,0.01904438,0.08019722,0,0,1.61148895,0.11710876,1.68054690
292,208,84,1.68232230,1.69959128,0.01726898,0.08019722,0,0,1.61255039,0.11914696,1.68232230
293,208,85,1.68453435,1.69959128,0.01505693,0.08019722,0,0,1.61344550,0.12153636,1.68453435
294,208,86,1.68668107,1.69959128,0.01291021,0.08019722,0,0,1.61432570,0.12385946,1.68668107
295,208,87,1.68851586,1.69959128,0.01107542,0.08019722,0,0,1.61499727,0.12581652,1.68851586
296,208,88,1.69106878,1.69959128,0.00852250,0.08019722,0,0,1.61576853,0.12848198,1.69106878
297,208,89,1.69285142,1.69959128,0.00673986,0.08019722,0,0,1.61661505,0.13045236,1.69285142
298,208,90,1.69481998,1.69959128,0.00477130,0.08019722,0,0,1.61750700,0.13261340,1.69481998
299,208,91,1.69638003,1.69959128,0.00321125,0.08019722,0,0,1.61861502,0.13446985,1.69638003
300,208,92,1.69823386,1.69959128,0.00135742,0.08019722,0,0,1.61920423,0.13641569,1.69823386
301,208,93,1.70063130,1.69959128,0.00104002,0.08019722,0,0,1.61996577,0.13893225,1.70063130
302,208,94,1.70128313,1.69959128,0.00169185,0.08019722,0,0,1.62039479,0.13969608,1.70128313
303,208,95,1.70188118,1.69959128,0.00228990,0.08019722,0,0,1.62054160,0.14030838,1.70188118
304,208,96,1.70281584,1.69959128,0.00322456,0.08019722,0,0,1.62077653,0.14126737,1.70281584
305,208,97,1.70372817,1.69959128,0.00413689,0.08019722,0,0,1.62129319,0.14230648,1.70372817
306,208,98,1.70448719,1.69959128,0.00489591,0.08019722,0,0,1.62182931,0.14320944,1.70448719
307,208,99,1.70523581,1.69959128,0.00564453,0.08019722,0,0,1.62226812,0.14406789,1.70523581
308,208,100,1.70661262,1.69959128,0.00702134,0.08019722,0,0,1.62288021,0.14557640,1.70661262
309,208,101,1.70625326,1.69959128,0.00666198,0.08019722,0,0,1.62315035,0.14533887,1.70625326
310,208,102,1.70557761,1.69959128,0.00598633,0.08019722,0,0,1.62317104,0.14471577,1.70557761
311,208,103,1.70542615,1.69959128,0.00583487,0.08019722,0,0,1.62310330,0.14454963,1.70542615
312,208,104,1.70557584,1.69959128,0.00598456,0.08019722,0,0,1.62293559,0.14462803,1.70557584
313,208,105,1.70529168,1.69959128,0.00570040,0.08019722,0,0,1.62278362,0.14430728,1.70529168
314,208,106,1.70489572,1.69959128,0.00530444,0.08019722,0,0,1.62273689,0.14392056,1.70489572
315,208,107,1.70616802,1.69959128,0.00657674,0.08019722,0,0,1.62244444,0.14500322,1.70616802
316,208,108,1.70933045,1.69959128,0.00973917,0.08019722,0,0,1.62184914,0.14775582,1.70933045
317,208,109,1.71189232,1.69959128,0.01230104,0.08019722,0,0,1.62133528,0.14998841,1.71189232
318,208,110,1.71399679,1.69959128,0.01440552,0.08019722,0,0,1.62095651,0.15184593,1.71399679
319,208,111,1.71553850,1.69959128,0.01594722,0.08019722,0,0,1.62056317,0.15317313,1.71553850
320,208,112,1.71712310,1.69959128,0.01753182,0.08019722,0,0,1.62011954,0.15452968,1.71712310
321,208,113,1.71893957,1.69959128,0.01934829,0.08019722,0,0,1.61968699,0.15611563,1.71893957
322,208,114,1.72024183,1.69959128,0.02065055,0.08019722,0,0,1.61922943,0.15721023,1.72024183
323,208,115,1.72131317,1.69959128,0.02172189,0.08019722,0,0,1.61878909,0.15809435,1.72131317
324,208,116,1.72228419,1.69959128,0.02269291,0.08019722,0,0,1.61845789,0.15891937,1.72228419
325,208,117,1.72334189,1.69959128,0.02375061,0.08019722,0,0,1.61849524,0.15994079,1.72334189
326,208,118,1.72455627,1.69959128,0.02496499,0.08019722,0,0,1.61853604,0.16111351,1.72455627
327,208,119,1.72565482,1.69959128,0.02606354,0.08019722,0,0,1.61847291,0.16214500,1.72565482
328,208,120,1.72651301,1.69959128,0.02692173,0.08019722,0,0,1.61837573,0.16293722,1.72651301
329,208,121,1.72701534,1.69959128,0.02742406,0.08019722,0,0,1.61840917,0.16342800,1.72701534
330,208,122,1.72709484,1.69959128,0.02750356,0.08019722,0,0,1.61855590,0.16354760,1.72709484
331,208,123,1.72759680,1.69959128,0.02800552,0.08019722,0,0,1.61865250,0.16405675,1.72759680
332,208,124,1.70715760,1.69959128,0.00756632,0.08019722,0,0,1.61885554,0.14468241,1.70715760
333,208,125,1.69348735,1.69959128,0.00610393,0.08019722,0,0,1.61855974,0.13174791,1.69348735
334,208,126,1.69446187,1.69959128,0.00512941,0.08019722,0,0,1.61748240,0.13226927,1.69446187
335,208,127,1.67803859,1.69959128,0.02155268,0.08019722,0,0,1.61720071,0.11692257,1.67803859
336,208,128,1.64165773,1.69959128,0.05793355,0.08019722,0,0,1.61807966,0.08523240,1.64165773
337,208,129,1.59797533,1.69959128,0.10161595,0.10161591,0,0,1.61951983,0.05580187,1.59797533
338,208,130,1.55002762,1.69959128,0.14956366,0.14956367,0,0,1.62155309,0.05484825,1.55002762
339,208,131,1.49937269,1.69959128,0.20021859,0.20021856,1,0,1.62396669,0.08909587,1.49937269
340,208,132,1.48357007,1.69959128,0.21602121,0.21602118,1,0,1.62345818,0.10195992,1.48357007
341,208,133,1.50703565,1.69959128,0.19255563,0.21602118,1,0,1.62105828,0.08123149,1.50703565
342,208,134,1.54555662,1.69959128,0.15403466,0.21602118,1,0,1.61811833,0.05364110,1.54555662
343,208,135,1.59035948,1.69959128,0.10923180,0.21602118,1,0,1.61450850,0.04789529,1.59035948
344,208,136,1.60889696,1.69959128,0.09069432,0.21602118,1,1,1.61352160,0.05726148,1.60889696
345,344,2,1.59211932,nan,nan,nan,0,0,1.61484289,0.04894240,1.59211932
346,344,3,1.56153405,nan,nan,nan,0,0,1.61628578,0.04642412,1.56153405
347,344,4,1.52317068,nan,nan,nan,0,0,1.61804498,0.06711200,1.52317068
348,344,5,1.47985753,nan,nan,nan,0,0,1.62073443,0.10381472,1.47985753
349,344,6,1.43333404,nan,nan,nan,0,0,1.62388712,0.14748011,1.43333404
350,344,7,1.42098944,nan,nan,nan,0,0,1.62370986,0.15901049,1.42098944
351,344,8,1.44764929,nan,nan,nan,0,0,1.62134678,0.13321634,1.44764929
352,344,9,1.48880912,nan,nan,nan,0,0,1.61841518,0.09486655,1.48880912
353,344,10,1.53555788,1.56153405,0.02597617,0.14054465,0,0,1.61487207,0.05644493,1.53555788
354,344,11,1.55564875,1.56153405,0.00588530,0.14054465,0,0,1.61439171,0.04615515,1.55564875
355,344,12,1.54013003,1.56153405,0.02140402,0.14054465,0,0,1.61613051,0.05474395,1.54013003
356,344,13,1.51055467,1.56153405,0.05097937,0.14054465,0,0,1.61868891,0.07699559,1.51055467
357,344,14,1.47344114,1.56153405,0.08809291,0.14054465,0,0,1.62174698,0.10995680,1.47344114
358,344,15,1.43140186,1.56153405,0.13013219,0.14054465,0,0,1.62457500,0.14953536,1.43140186
359,344,16,1.38583016,1.56153405,0.17570389,0.17570388,1,0,1.62698107,0.19350061,1.38583016
360,344,17,1.33773734,1.56153405,0.22379670,0.22379673,1,0,1.62919112,0.24052720,1.33773734
361,344,18,1.32454604,1.56153405,0.23698801,0.23698807,1,0,1.62882422,0.25327209,1.32454604
362,344,19,1.35062926,1.56153405,0.21090479,0.23698807,1,0,1.62718748,0.22750560,1.35062926
363,344,20,1.39120926,1.56153405,0.17032479,0.23698807,1,0,1.62521870,0.18782453,1.39120926
364,344,21,1.43709959,1.56153405,0.12443445,0.23698807,1,0,1.62257663,0.14348616,1.43709959
365,344,22,1.48701534,1.56153405,0.07451870,0.23698807,1,1,1.61930668,0.09686882,1.48701534
366,365,2,1.53668449,nan,nan,nan,0,0,1.61594219,0.05659814,1.53668449
367,365,3,1.58325201,nan,nan,nan,0,0,1.61301705,0.04402179,1.58325201
368,365,4,1.62606356,nan,nan,nan,0,0,1.61076240,0.06822766,1.62606356
369,365,5,1.66471068,nan,nan,nan,0,0,1.60920467,0.10150775,1.66471068
370,365,6,1.69900362,nan,nan,nan,0,0,1.60825902,0.13362661,1.69900362
371,365,7,1.72895159,nan,nan,nan,0,0,1.60779891,0.16249737,1.72895159
372,365,8,1.75471820,nan,nan,nan,0,0,1.60767231,0.18766532,1.75471820
373,365,9,1.77656561,nan,nan,nan,0,0,1.60767897,0.20914235,1.77656561
374,365,10,1.79481957,1.58325207,0.21156750,0.21156752,1,0,1.60770630,0.22714635,1.79481957
375,365,11,1.80984102,1.58325207,0.22658895,0.22658896,1,0,1.60775802,0.24199594,1.80984102
376,365,12,1.82200091,1.58325207,0.23874884,0.23874879,1,0,1.60783110,0.25403701,1.82200091
377,365,13,1.83166300,1.58325207,0.24841093,0.24841094,1,0,1.60791107,0.26361621,1.83166300
378,365,14,1.83916555,1.58325207,0.25591347,0.25591350,1,0,1.60799426,0.27106182,1.83916555
379,365,15,1.84480557,1.58325207,0.26155350,0.26155353,1,0,1.60807183,0.27666341,1.84480557
380,365,16,1.84890123,1.58325207,0.26564916,0.26564920,1,0,1.60814553,0.28073468,1.84890123
381,365,17,1.85168666,1.58325207,0.26843459,0.26843464,1,0,1.60822141,0.28350758,1.85168666
382,365,18,1.85338059,1.58325207,0.27012852,0.27012849,1,0,1.60829902,0.28519841,1.85338059
383,365,19,1.85416948,1.58325207,0.27091741,0.27091742,1,0,1.60838076,0.28599221,1.85416948
384,365,20,1.85421011,1.58325207,0.27095803,0.27095807,1,0,1.60848101,0.28604643,1.85421011
385,365,21,1.85363323,1.58325207,0.27038115,0.27095807,1,0,1.60861436,0.28549289,1.85363323
386,365,22,1.85254772,1.58325207,0.26929564,0.27095807,1,0,1.60878270,0.28444008,1.85254772
387,365,23,1.85104200,1.58325207,0.26778993,0.27095807,1,0,1.60895969,0.28297223,1.85104200
388,365,24,1.84918666,1.58325207,0.26593459,0.27095807,1,0,1.60913703,0.28115838,1.84918666
389,365,25,1.84704843,1.58325207,0.26379635,0.27095807,1,0,1.60927753,0.27905948,1.84704843
390,365,26,1.84470876,1.58325207,0.26145669,0.27095807,1,0,1.60934752,0.27675133,1.84470876
391,365,27,1.84220946,1.58325207,0.25895739,0.27095807,1,0,1.60939587,0.27428240,1.84220946
392,365,28,1.83958404,1.58325207,0.25633197,0.27095807,1,0,1.60944672,0.27168952,1.83958404
393,365,29,1.83686400,1.58325207,0.25361193,0.27095807,1,0,1.60951259,0.26900588,1.83686400
394,365,30,1.83408095,1.58325207,0.25082888,0.27095807,1,0,1.60958379,0.26626145,1.83408095
395,365,31,1.83126800,1.58325207,0.24801593,0.27095807,1,0,1.60965407,0.26348812,1.83126800
